id,entityId1,entityId2
0,4376,401
1,182,807
2,5728,2871
3,2564,3809
4,772,4630
5,1032,6033
6,1454,1274
7,2353,6982
8,1797,3529
9,3494,6500
10,580,6233
11,4735,3848
12,5864,3895
13,2362,4202
14,575,2561
15,1899,1674
16,4864,873
17,1762,4851
18,1421,4027
19,5220,6608
20,2495,5006
21,4631,6343
22,3564,6393
23,3309,1380
24,827,91
25,5349,4102
26,2639,3299
27,5717,2239
28,4400,2540
29,3863,2511
30,4100,2881
31,1012,1583
32,3180,5516
33,3502,1766
34,4873,2209
35,3270,542
36,5475,7537
37,4077,3186
38,4174,844
39,3308,3528
40,4428,2290
41,2283,2593
42,5178,5574
43,3865,311
44,5527,1183
45,4054,3056
46,5199,3830
47,5301,4004
48,4328,2408
49,4177,3087
50,2689,5321
51,3210,1442
52,2272,3075
53,1166,5203
54,4818,2706
55,5591,2489
56,1517,202
57,31,3168
58,3862,2175
59,2084,6852
60,4161,3997
61,3887,557
62,1741,6076
63,4933,7504
64,4300,5189
65,2015,5987
66,5127,4146
67,5240,6593
68,83,907
69,1522,1853
70,4379,693
71,1059,3419
72,5410,5231
73,4056,6576
74,5687,2716
75,4535,7776
76,125,1523
77,1710,6734
78,1321,6705
79,4937,5128
80,2163,6455
81,751,4411
82,2257,4797
83,5612,4398
84,5718,6293
85,2623,6736
86,2642,7664
87,5847,3324
88,2130,5100
89,4285,1913
90,4393,3641
91,4457,1968
92,3568,2496
93,5514,4348
94,5992,6092
95,2983,3491
96,3291,904
97,133,2470
98,1274,383
99,4688,3283
100,2412,6281
101,4930,7772
102,863,3780
103,4007,2462
104,176,1411
105,148,1246
106,947,7048
107,311,6148
108,4592,1475
109,1877,5196
110,2790,7680
111,4357,65
112,2886,1760
113,816,3148
114,4261,277
115,5421,3759
116,1296,2217
117,4699,6931
118,2884,3540
119,29,1328
120,2431,4279
121,475,5271
122,2224,7123
123,3002,325
124,5756,695
125,2054,7331
126,1933,560
127,4418,1593
128,2162,5970
129,2175,953
130,1148,2662
131,3597,1709
132,2004,5348
133,4715,5029
134,2132,4527
135,3960,690
136,76,5044
137,3492,6340
138,1491,6965
139,5035,7131
140,4109,6326
141,1960,2857
142,1887,2338
143,3354,1849
144,1970,3643
145,5776,3583
146,6009,6144
147,2818,6994
148,3752,3637
149,4879,5908
150,4767,7456
151,285,6291
152,4956,2010
153,907,1592
154,122,1390
155,1935,6988
156,4297,790
157,1925,1242
158,4474,7195
159,5908,4323
160,4097,7339
161,1487,3220
162,3538,6456
163,4326,4716
164,2476,1006
165,2584,5742
166,3996,7526
167,1954,7473
168,2159,6402
169,1399,6438
170,5163,4684
171,4523,4747
172,67,2306
173,1374,1724
174,5995,3418
175,1607,5556
176,941,3054
177,850,2853
178,4142,7528
179,5122,2141
180,2343,1818
181,2592,3236
182,5008,5899
183,3798,7365
184,4040,4324
185,2265,5127
186,4210,2512
187,2616,4665
188,5922,5831
189,2787,2761
190,4504,636
191,1605,4615
192,6016,78
193,2504,3725
194,1469,2692
195,2740,4626
196,4139,4318
197,2824,5841
198,2416,6009
199,5652,6650
200,5305,1745
201,3414,3986
202,4987,7658
203,1048,3758
204,5816,2336
205,3113,2350
206,713,4007
207,3326,7200
208,2712,1935
209,4581,3400
210,795,5396
211,2123,6706
212,2284,6738
213,4281,5773
214,5587,4981
215,881,1212
216,1020,4045
217,464,6251
218,5169,1697
219,3992,2199
220,5091,2025
221,3453,3923
222,1727,4761
223,2603,4842
224,5025,5454
225,758,4381
226,2036,1647
227,2595,5515
228,5325,3093
229,3455,1731
230,793,6514
231,1548,4364
232,2380,1769
233,5182,1744
234,4373,2248
235,2221,5853
236,5960,3649
237,42,340
238,398,2443
239,5229,3998
240,3809,6049
241,3872,3985
242,344,2833
243,4028,7434
244,2086,3655
245,1326,6416
246,5258,479
247,4774,2860
248,1673,7220
249,5020,4967
250,3493,7706
251,2816,7685
252,3036,4692
253,4240,6232
254,5418,1542
255,3630,1566
256,4939,350
257,2151,5536
258,2932,1043
259,5267,871
260,1651,7015
261,368,4025
262,181,0
263,3468,2725
264,4184,1570
265,2031,3216
266,2660,3147
267,722,5372
268,404,4023
269,1025,4800
270,4537,955
271,6040,2258
272,1867,5478
273,2846,7261
274,2644,6518
275,4421,5558
276,5935,1665
277,2755,4568
278,1319,1815
279,3880,4664
280,2868,5444
281,459,3563
282,562,231
283,3932,4072
284,5894,37
285,4096,2747
286,2370,3767
287,1498,7443
288,1566,2921
289,3624,3024
290,2141,2300
291,3571,5370
292,5941,253
293,3249,7531
294,437,2423
295,5006,3011
296,2061,4848
297,4542,4657
298,453,5193
299,5284,6572
300,5688,2824
301,3039,6537
302,5743,4390
303,6003,2194
304,5320,593
305,1629,6832
306,3021,5056
307,1525,3174
308,3169,5061
309,3430,4801
310,118,244
311,791,613
312,540,2084
313,1780,2495
314,4973,2778
315,2666,6784
316,324,3631
317,1806,2389
318,89,3912
319,4000,3676
320,4976,3478
321,3312,7541
322,733,3390
323,1809,5311
324,3822,7095
325,1466,5108
326,2947,3952
327,2783,4347
328,5624,900
329,354,1153
330,332,1870
331,2668,4905
332,1075,6845
333,1898,2965
334,3446,1756
335,3599,2161
336,5898,4796
337,1844,1598
338,3579,5868
339,1135,4853
340,589,1333
341,2928,511
342,463,1241
343,939,7103
344,4947,2916
345,5181,812
346,3709,6549
347,5814,6722
348,2085,3831
349,1317,6447
350,5973,3768
351,236,3699
352,986,7276
353,3255,1
354,5492,1634
355,3585,2520
356,3813,6934
357,572,393
358,2154,453
359,4481,6789
360,4574,2048
361,614,1306
362,5590,752
363,21,1076
364,4433,1757
365,3263,7536
366,3536,6290
367,214,6653
368,3283,2715
369,2118,2219
370,3277,7318
371,4606,4621
372,4697,2098
373,885,2165
374,4777,3651
375,5958,5050
376,5977,2345
377,2609,6540
378,698,2240
379,3345,742
380,5329,4935
381,1900,1899
382,4925,3650
383,5975,7730
384,2005,6404
385,4465,6087
386,1264,6465
387,3379,6126
388,1141,6435
389,3613,3083
390,5004,1199
391,4449,1280
392,4869,114
393,5837,777
394,4707,3321
395,2853,2686
396,1055,5390
397,3506,5832
398,1356,887
399,994,7478
400,2539,3050
401,2984,7
402,3068,106
403,5294,4884
404,2992,271
405,4404,930
406,3763,5910
407,198,5963
408,5394,3654
409,1163,5744
410,80,302
411,2281,5117
412,601,4162
413,1127,544
414,4570,6510
415,4519,1642
416,1113,6728
417,385,4790
418,4484,3415
419,525,7511
420,831,1467
421,4867,7581
422,4632,1369
423,2982,191
424,1786,29
425,1330,6239
426,3903,449
427,5054,261
428,1765,1778
429,1996,6265
430,3556,587
431,1074,4974
432,4532,5592
433,1215,3515
434,35,2014
435,4853,6716
436,4309,7728
437,3406,3937
438,6014,3420
439,4686,6240
440,4958,3007
441,6025,5693
442,4213,7513
443,5944,2193
444,1593,3782
445,3874,6063
446,3241,125
447,4874,7031
448,4738,800
449,1006,4493
450,5887,1695
451,3092,1335
452,3955,6392
453,4101,1556
454,5500,1037
455,5525,6255
456,4967,233
457,2788,4046
458,609,7640
459,1340,5450
460,4734,5232
461,3082,4231
462,1580,6927
463,1073,3039
464,955,3504
465,2025,5942
466,2661,7320
467,4127,1466
468,3076,5644
469,3712,1090
470,4399,2329
471,502,5382
472,518,867
473,1139,5756
474,1696,1400
475,555,5083
476,1082,1160
477,5362,5464
478,2937,793
479,3019,7417
480,2288,7563
481,3607,3681
482,5234,615
483,1002,4852
484,1733,2433
485,1209,2017
486,313,1508
487,1468,5096
488,1777,4929
489,4741,5825
490,4362,5414
491,255,5422
492,5777,6764
493,2160,7049
494,5701,2834
495,4696,7510
496,746,2460
497,5197,2789
498,1005,7588
499,3173,6939
500,4746,193
501,3759,3358
502,5176,7512
503,4293,8
504,5228,1146
505,2772,3370
506,3176,1485
507,5789,2819
508,2093,3308
509,4938,1768
510,5614,1885
511,3305,4184
512,699,226
513,712,2319
514,5967,7410
515,5830,1457
516,4822,4128
517,2335,2787
518,4615,6986
519,14,4965
520,2069,5307
521,1162,3888
522,166,5561
523,2653,5072
524,1380,5156
525,4134,5028
526,56,2407
527,5850,3920
528,3983,2101
529,3697,4433
530,1199,5854
531,810,4441
532,5994,5176
533,2507,4907
534,2300,2538
535,3592,2155
536,2728,1827
537,3957,532
538,5346,3667
539,1726,1393
540,5676,4949
541,3958,468
542,741,5330
543,1131,1633
544,4857,5723
545,2891,3009
546,598,824
547,987,1305
548,5365,6570
549,2252,4864
550,2530,4320
551,5408,7111
552,2074,5299
553,1387,4986
554,175,1135
555,1767,6219
556,5372,1909
557,4921,6589
558,5048,4240
559,2875,278
560,1690,330
561,5968,3663
562,1252,3914
563,4625,6586
564,4277,2700
565,2977,4114
566,267,5811
567,5202,3760
568,3882,676
569,5482,3043
570,4424,760
571,732,2039
572,4276,4850
573,5692,6097
574,1612,2729
575,5621,3803
576,1365,2754
577,3514,516
578,3923,3433
579,3754,1078
580,4442,1327
581,279,2792
582,1505,1386
583,5971,7553
584,407,367
585,868,7165
586,5398,3916
587,5715,132
588,6008,2430
589,3812,2442
590,5700,3440
591,5166,4746
592,5547,1795
593,4194,5548
594,1544,6371
595,439,5929
596,2081,2765
597,4830,3969
598,561,6044
599,2641,7490
600,4199,3106
601,3765,214
602,4866,3042
603,2753,6383
604,5736,2518
605,97,5652
606,735,5948
607,1747,5922
608,1038,7424
609,3062,1230
610,658,6199
611,3910,4567
612,5633,2872
613,2321,5393
614,3392,2517
615,2717,1195
616,3333,5365
617,4679,140
618,4470,5213
619,1603,3558
620,5558,2969
621,1069,6918
622,5414,5294
623,4242,2216
624,645,3807
625,522,3775
626,4782,4509
627,4969,5373
628,3296,4968
629,253,3582
630,5040,5618
631,384,5002
632,5828,7798
633,5674,2159
634,188,4892
635,4082,5280
636,2034,5275
637,3598,4488
638,4111,6966
639,5661,5293
640,2260,4955
641,694,1817
642,3104,4539
643,6018,260
644,5189,3525
645,5272,4840
646,2308,5087
647,111,5167
648,2400,1545
649,4711,4295
650,1118,3507
651,2452,3378
652,3179,2427
653,3962,7069
654,1623,4608
655,5110,5999
656,3217,1340
657,3099,7033
658,3343,7263
659,4037,861
660,4430,7152
661,2764,2078
662,2588,2351
663,5729,3805
664,4164,575
665,2847,1341
666,1432,4107
667,2181,5428
668,1613,1376
669,3749,4321
670,4001,5932
671,3548,520
672,4441,6284
673,815,43
674,753,3140
675,4414,6472
676,5050,4897
677,909,4533
678,5407,1888
679,224,2002
680,933,6644
681,1793,6945
682,2437,2643
683,3165,7755
684,5142,1359
685,2547,5815
686,950,1148
687,2277,1601
688,64,958
689,532,3073
690,742,2027
691,1078,2814
692,307,3319
693,1715,7288
694,1329,4516
695,5426,6477
696,3332,6200
697,5386,7748
698,2685,6664
699,3063,3968
700,3565,7361
701,2245,185
702,3197,7179
703,1478,4451
704,2958,6547
705,429,5508
706,967,1821
707,1147,1218
708,1614,5463
709,5033,6360
710,5250,4733
711,5036,2028
712,4761,6421
713,281,1424
714,1625,2516
715,5452,264
716,1218,1479
717,96,6555
718,3647,2638
719,2725,3398
720,2365,2555
721,5146,5206
722,1391,5579
723,351,1787
724,821,1689
725,5241,3476
726,2487,629
727,2961,4300
728,1455,4370
729,3499,4699
730,3509,5916
731,2157,3453
732,5733,5659
733,2429,5456
734,3171,7353
735,4036,7251
736,2686,6655
737,864,6333
738,1952,6142
739,4747,5577
740,4752,5162
741,3279,6600
742,1041,1887
743,2101,6066
744,651,1493
745,2350,3838
746,781,947
747,4936,4248
748,4008,5493
749,5117,5608
750,1880,5985
751,4132,3394
752,2922,7564
753,4157,7461
754,1123,1237
755,1372,1055
756,4990,5918
757,4698,3527
758,5268,5369
759,3187,4008
760,1129,6893
761,1231,475
762,5140,5751
763,5895,4537
764,4063,5031
765,4557,891
766,1529,2372
767,1704,135
768,2211,3111
769,1642,3234
770,3437,1698
771,5055,526
772,3198,1068
773,1876,4299
774,4371,2021
775,5443,3154
776,3166,5784
777,2654,5273
778,2795,5858
779,3372,5082
780,763,2490
781,345,4420
782,468,364
783,3153,4832
784,1568,5325
785,1846,2738
786,5231,4406
787,564,6750
788,744,2050
789,2148,208
790,2446,7315
791,4121,4388
792,3692,6295
793,4193,6605
794,4208,4426
795,454,5641
796,5859,528
797,6050,1966
798,3004,4014
799,1609,1938
800,5613,459
801,4585,4783
802,541,1600
803,1644,1087
804,2878,4243
805,5849,6385
806,114,183
807,2435,3021
808,3261,3171
809,2651,3532
810,1853,7399
811,2724,1569
812,3616,332
813,1687,5719
814,3831,919
815,1530,4412
816,445,5485
817,1965,7225
818,1936,4610
819,1290,1810
820,6037,4206
821,3728,4251
822,1660,7041
823,3555,4287
824,2615,7646
825,4463,4694
826,2568,5413
827,1028,1036
828,3587,6855
829,5295,3222
830,5909,2532
831,79,4028
832,4332,2362
833,486,7120
834,1987,4486
835,3803,2149
836,521,5333
837,4377,5708
838,45,1835
839,2491,6594
840,4091,3943
841,4146,306
842,2465,3733
843,2207,5588
844,4351,6933
845,2524,1805
846,2710,3882
847,1955,3980
848,164,165
849,2581,3238
850,1711,791
851,5664,3349
852,2606,236
853,2295,354
854,1584,5186
855,1425,4979
856,2249,5292
857,1583,61
858,4955,5969
859,5546,2911
860,3100,201
861,391,697
862,5107,1559
863,5962,7307
864,588,1845
865,1441,1617
866,554,4672
867,2777,7469
868,5473,5992
869,617,378
870,530,2573
871,3507,4216
872,5616,2323
873,5691,5229
874,478,2798
875,1014,6339
876,3757,983
877,2236,1169
878,3257,3571
879,2810,639
880,835,1843
881,2774,1580
882,3979,5086
883,3221,5439
884,5759,4791
885,4691,4260
886,1519,4464
887,2694,6174
888,5124,2205
889,1376,879
890,3262,1115
891,700,5788
892,3706,3175
893,5646,2830
894,5279,7786
895,1333,2402
896,3233,5573
897,1405,6667
898,3761,4753
899,4005,3864
900,346,7627
901,4459,5093
902,3859,4822
903,3814,3336
904,4496,1102
905,1245,3577
906,644,1329
907,5666,1173
908,3028,4158
909,2280,7782
910,2750,6754
911,2864,6411
912,1553,3713
913,3691,3317
914,4234,327
915,1636,3893
916,4114,2091
917,4386,7071
918,421,7562
919,3643,1154
920,3442,6679
921,3400,6998
922,1763,625
923,4192,6799
924,3010,1572
925,5319,3368
926,3358,3409
927,5014,6153
928,223,1476
929,2826,3437
930,924,640
931,3675,2612
932,5235,1229
933,4153,5945
934,167,2031
935,3245,7580
936,2544,7496
937,3229,717
938,4799,2599
939,4626,1513
940,3190,977
941,3681,6214
942,420,1520
943,329,1812
944,4212,129
945,2322,6386
946,1803,7560
947,2711,716
948,3921,3804
949,1212,4316
950,4343,3603
951,5412,5919
952,2813,5664
953,1347,7444
954,4416,1637
955,2917,12
956,1256,5869
957,5210,2218
958,3905,436
959,5940,7166
960,971,5889
961,1639,6276
962,3875,376
963,1821,2926
964,5656,6671
965,2258,3526
966,6035,5988
967,5985,3424
968,3037,6457
969,5063,2136
970,1293,6278
971,1448,5224
972,2292,6856
973,3271,1921
974,1108,6821
975,1578,3129
976,1451,2928
977,2070,3203
978,36,7736
979,4979,7571
980,2703,1412
981,1132,1282
982,94,7020
983,4775,6022
984,2759,7016
985,2832,5053
986,3523,5551
987,4742,2171
988,1649,7521
989,1473,5210
990,3760,5852
991,3170,4169
992,514,4940
993,4804,7275
994,3236,203
995,2887,971
996,4548,1898
997,4410,1551
998,5793,3018
999,4783,4916
1000,1084,5191
1001,432,5609
1002,1946,5368
1003,2967,6155
1004,2514,2794
1005,2198,6961
1006,3620,7245
1007,22,733
1008,6020,7236
1009,3573,5004
1010,4649,167
1011,1518,7642
1012,2367,3144
1013,4787,4607
1014,1021,5883
1015,5419,5828
1016,802,3586
1017,4367,970
1018,150,6506
1019,4898,6146
1020,301,117
1021,731,1707
1022,4452,1693
1023,1800,1117
1024,93,5097
1025,3017,6630
1026,3667,7458
1027,2278,2371
1028,3215,4024
1029,3608,4174
1030,2508,3712
1031,825,3737
1032,3552,631
1033,2274,612
1034,5244,1505
1035,663,5375
1036,4385,1121
1037,2254,255
1038,5911,3498
1039,4236,3761
1040,3846,2849
1041,3821,4934
1042,3994,1206
1043,1360,303
1044,2204,6028
1045,3274,3239
1046,2981,7081
1047,4388,5460
1048,2748,3886
1049,1079,1547
1050,3260,304
1051,1058,3282
1052,4148,339
1053,4516,5054
1054,5074,7447
1055,204,4105
1056,1277,5560
1057,5160,6450
1058,4839,4911
1059,5751,2451
1060,4467,7080
1061,2394,2566
1062,738,1213
1063,4020,6873
1064,3314,1985
1065,5289,3946
1066,5384,154
1067,3584,2099
1068,371,2545
1069,5579,2836
1070,982,984
1071,3103,1073
1072,1718,5821
1073,5570,3158
1074,5554,2812
1075,6055,1809
1076,4520,656
1077,4725,1610
1078,3088,737
1079,3665,5624
1080,5875,4843
1081,1216,6154
1082,2720,2567
1083,423,2349
1084,4120,3084
1085,1874,2750
1086,1647,3531
1087,4264,991
1088,1431,7191
1089,4793,4189
1090,2330,5863
1091,1538,6069
1092,5852,4351
1093,5623,6981
1094,1943,3533
